Name;Episode;Step;Drag;RecircArea;lift
Simu_lift;0;0;0.00012333601;-1.5870069;-0.010097989
Simu_lift;0;0;0.00012333601;-1.5870069;-0.010097989
Simu_lift;0;100;0.0008136005;-0.11012339;0.00021384475
Simu_lift;0;200;0.0027416886;-0.1281478;0.0006053783
Simu_lift;0;300;0.0049630934;-0.14846842;0.00048409705
Simu_lift;0;400;0.007128927;-0.15554762;0.00042965138
Simu_lift;0;500;0.008866676;-0.15303649;0.0012378071
Simu_lift;0;600;0.011661251;-0.15129764;0.002327985
Simu_lift;0;700;0.013255384;-0.15022951;0.0028816042
Simu_lift;0;800;0.014468879;-0.14941606;0.0023241122
Simu_lift;0;900;0.015738871;-0.14881437;0.0006358437
Simu_lift;0;1000;0.017241577;-0.1483882;-0.0014854964
Simu_lift;0;1100;0.018472098;-0.1480948;-0.0028493972
Simu_lift;0;1200;0.019198947;-0.14788827;-0.0024326541
Simu_lift;0;1300;0.020241208;-0.14773548;-0.0001499675
Simu_lift;0;1400;0.02045573;-0.14763193;0.0028358062
Simu_lift;0;1500;0.02134825;-0.14757606;0.0046451734
Simu_lift;0;1600;0.02199358;-0.14754106;0.0038707836
Simu_lift;0;1700;0.022681197;-0.14750661;0.000675916
Simu_lift;0;1800;0.023636393;-0.14749077;-0.0030285604
Simu_lift;0;1900;0.024067264;-0.14750347;-0.004639174
Simu_lift;0;2000;0.023987563;-0.147516;-0.0026302454
Simu_lift;0;2100;0.023337336;-0.14753035;0.002125416
Simu_lift;0;2200;0.024521966;-0.14759384;0.0065443376
Simu_lift;0;2300;0.024397338;-0.14769104;0.0072060414
Simu_lift;0;2400;0.024270795;-0.14775957;0.002889773
Simu_lift;0;2500;0.025361393;-0.14784339;-0.0040189815
Simu_lift;0;2600;0.024106981;-0.14802012;-0.008566769
Simu_lift;0;2700;0.024364019;-0.14821263;-0.0065707727
Simu_lift;0;2800;0.024481753;-0.14837521;0.0017742336
Simu_lift;0;2900;0.023996148;-0.14867982;0.010916636
Simu_lift;0;3000;0.023480464;-0.14912573;0.013240731
Simu_lift;0;3100;0.021881105;-0.14943227;0.0052392543
Simu_lift;0;3200;0.020394655;-0.14971621;-0.008294081
Simu_lift;0;3300;0.01988452;-0.15031794;-0.016416432
Simu_lift;0;3400;0.020025767;-0.15083535;-0.010715649
Simu_lift;0;3500;0.018061927;-0.15103376;0.0061581
Simu_lift;0;3600;0.01775937;-0.15167105;0.0206555
Simu_lift;0;3700;0.017051706;-0.15245256;0.01911039
Simu_lift;0;3800;0.016039718;-0.15247099;0.00072717294
Simu_lift;0;3900;0.015857242;-0.15283518;-0.019861737
Simu_lift;0;4000;0.015367607;-0.15385637;-0.023948237
Simu_lift;0;4100;0.014650786;-0.15383579;-0.0060671642
Simu_lift;0;4200;0.014767194;-0.15380618;0.019698488
Simu_lift;0;4300;0.01434175;-0.15502515;0.030684669
Simu_lift;0;4400;0.013767193;-0.15517065;0.015728703
Simu_lift;0;4500;0.013267176;-0.15459682;-0.013849218
Simu_lift;0;4600;0.013162493;-0.15581773;-0.032579795
Simu_lift;0;4700;0.0128191;-0.15641432;-0.022816885
Simu_lift;0;4800;0.013346672;-0.1554029;0.008433516
Simu_lift;0;4900;0.013457287;-0.15631816;0.03495807
Simu_lift;0;5000;0.013188606;-0.15754364;0.032936703
Simu_lift;0;5100;0.013045284;-0.15631194;0.0027241826
Simu_lift;0;5200;0.012579498;-0.15654126;-0.030869113
Simu_lift;0;5300;0.012743258;-0.15837528;-0.038251214
Simu_lift;0;5400;0.011919269;-0.15741485;-0.0120863635
Simu_lift;0;5500;0.01241805;-0.15673469;0.026320016
Simu_lift;0;5600;0.012774479;-0.15881702;0.044187043
Simu_lift;0;5700;0.011872387;-0.15859282;0.025354926
Simu_lift;0;5800;0.012005017;-0.15699835;-0.015189668
Simu_lift;0;5900;0.012304871;-0.15880848;-0.043282058
Simu_lift;0;6000;0.011535549;-0.15966022;-0.03409767
Simu_lift;0;6100;0.011883858;-0.15760572;0.004932284
Simu_lift;0;6200;0.012247174;-0.15851884;0.041540056
Simu_lift;0;6300;0.011346126;-0.16040011;0.044161484
Simu_lift;0;6400;0.01124013;-0.15846679;0.0101510165
Simu_lift;0;6500;0.011777009;-0.15811734;-0.032615352
Simu_lift;0;6600;0.010771232;-0.16062643;-0.04745416
Simu_lift;0;6700;0.011186112;-0.15955366;-0.021575527
Simu_lift;0;6800;0.011747482;-0.15798104;0.0235275
Simu_lift;0;6900;0.011797328;-0.1603517;0.050146565
Simu_lift;0;7000;0.011088829;-0.16058545;0.0353566
Simu_lift;0;7100;0.011263674;-0.15816106;-0.008631634
Simu_lift;0;7200;0.011537815;-0.15969363;-0.04527311
Simu_lift;0;7300;0.010810385;-0.16129299;-0.042928226
Simu_lift;0;7400;0.011284351;-0.15884876;-0.0039666104
Simu_lift;0;7500;0.011634312;-0.15899123;0.039497726
Simu_lift;0;7600;0.0111620445;-0.16150811;0.050657865
Simu_lift;0;7700;0.010913833;-0.15979178;0.020118902
Simu_lift;0;7800;0.0115435375;-0.15845369;-0.026966877
Simu_lift;0;7900;0.010868728;-0.16115266;-0.05080759
Simu_lift;0;8000;0.010806296;-0.1608068;-0.031145588
Simu_lift;0;8100;0.011702332;-0.15844135;0.015214367
Simu_lift;0;8200;0.011725088;-0.16040269;0.049929332
Simu_lift;0;8300;0.010785592;-0.16158447;0.043428317
Simu_lift;0;8400;0.011206237;-0.15885697;0.0013632827
Simu_lift;0;8500;0.011008359;-0.15948713;-0.04156933
Simu_lift;0;8600;0.010654841;-0.16186228;-0.048605926
Simu_lift;0;8700;0.011042291;-0.15973468;-0.014358518
Simu_lift;0;8800;0.011322747;-0.15881288;0.032755397
Simu_lift;0;8900;0.011257694;-0.16159207;0.05326583
Simu_lift;0;9000;0.010222906;-0.16073231;0.029897628
Simu_lift;0;9100;0.011173604;-0.15850312;-0.017877875
Simu_lift;0;9200;0.0109072225;-0.16083455;-0.050138857
Simu_lift;0;9300;0.0104751075;-0.16156691;-0.039318107
Simu_lift;0;9400;0.01169344;-0.15882196;0.0048333555
Simu_lift;0;9500;0.011677561;-0.1598941;0.04595662
Simu_lift;0;9600;0.01063942;-0.16199087;0.049197823
Simu_lift;0;9700;0.01086687;-0.15953414;0.012140688
Simu_lift;0;9800;0.011401465;-0.15902552;-0.034690313
Simu_lift;0;9900;0.010292727;-0.16182792;-0.05150428
Simu_lift;1;0;0.010847657;-0.16052572;-0.024447417
Simu_lift;1;100;0.011684032;-0.15862836;0.02367281
Simu_lift;1;200;0.011286673;-0.16117032;0.052895077
Simu_lift;1;300;0.0107727945;-0.16144009;0.038457826
Simu_lift;1;400;0.010988645;-0.1586911;-0.007351684
Simu_lift;1;500;0.01092253;-0.16019936;-0.046587195
Simu_lift;1;600;0.01067883;-0.16197225;-0.045641173
Simu_lift;1;700;0.01115341;-0.15934622;-0.006067362
Simu_lift;1;800;0.0111814635;-0.15930088;0.039482873
Simu_lift;1;900;0.010975629;-0.16198064;0.052652564
Simu_lift;1;1000;0.010493702;-0.16026844;0.022574645
Simu_lift;1;1100;0.01136396;-0.15867688;-0.025855243
Simu_lift;1;1200;0.010946407;-0.16142073;-0.051872548
Simu_lift;1;1300;0.010401614;-0.16122545;-0.033492144
Simu_lift;1;1400;0.011676131;-0.15866457;0.01335153
Simu_lift;1;1500;0.0117776655;-0.1605168;0.050005566
Simu_lift;1;1600;0.010754223;-0.16190313;0.04536333
Simu_lift;1;1700;0.010864487;-0.15911268;0.0036607732
Simu_lift;1;1800;0.010806107;-0.1595203;-0.04072755
Simu_lift;1;1900;0.010676065;-0.16204652;-0.049898945
Simu_lift;1;2000;0.010741509;-0.16000943;-0.016728908
Simu_lift;1;2100;0.011374403;-0.15884538;0.031165943
Simu_lift;1;2200;0.011122072;-0.16164343;0.053773902
Simu_lift;1;2300;0.010473825;-0.16099094;0.032076277
Simu_lift;1;2400;0.010972467;-0.15858355;-0.015748704
Simu_lift;1;2500;0.011433379;-0.1607878;-0.04983688
Simu_lift;1;2600;0.010209613;-0.16175659;-0.041065335
Simu_lift;1;2700;0.01168544;-0.15896754;0.0024485788
Simu_lift;1;2800;0.011341027;-0.1598111;0.04488036
Simu_lift;1;2900;0.011002937;-0.16207868;0.050332688
Simu_lift;1;3000;0.010887473;-0.15972991;0.014553689
Simu_lift;1;3100;0.011741378;-0.15896417;-0.032963403
Simu_lift;1;3200;0.0106238555;-0.16180718;-0.05193514
Simu_lift;1;3300;0.010576491;-0.16072336;-0.026635015
Simu_lift;1;3400;0.0116391275;-0.15863647;0.021493485
Simu_lift;1;3500;0.0115003055;-0.16106781;0.05255725
Simu_lift;1;3600;0.011079418;-0.16159344;0.040226858
Simu_lift;1;3700;0.010945347;-0.15878186;-0.0049126125
Simu_lift;1;3800;0.011013397;-0.1600644;-0.045526866
Simu_lift;1;3900;0.0105544105;-0.16203931;-0.046844445
Simu_lift;2;0;0.011146277;-0.15949897;-0.008512676
Simu_lift;2;100;0.011179639;-0.15919474;0.03779354
Simu_lift;2;200;0.011096124;-0.16194785;0.0531523
Simu_lift;2;300;0.0104893735;-0.16044882;0.024814218
Simu_lift;2;400;0.011522195;-0.15864176;-0.02371948
Simu_lift;2;500;0.010879886;-0.16130638;-0.05169429
Simu_lift;2;600;0.010546293;-0.16137211;-0.03540552
Simu_lift;2;700;0.011677851;-0.15871407;0.010878953
Simu_lift;2;800;0.011722731;-0.16036329;0.049000517
Simu_lift;2;900;0.010711024;-0.16197953;0.046611443
Simu_lift;2;1000;0.010891143;-0.15924735;0.0060627633
Simu_lift;2;1100;0.010986499;-0.15938999;-0.0392395
Simu_lift;2;1200;0.010813348;-0.16202722;-0.050669122
Simu_lift;2;1300;0.010770612;-0.16017172;-0.01915064
Simu_lift;2;1400;0.011706156;-0.15877378;0.02898502
Simu_lift;2;1500;0.011022844;-0.16153605;0.053597245
Simu_lift;2;1600;0.010684728;-0.16115172;0.03391456
Simu_lift;2;1700;0.010769524;-0.15861477;-0.013511812
Simu_lift;2;1800;0.011699321;-0.1606398;-0.049224444
Simu_lift;2;1900;0.010483178;-0.16184886;-0.042691194
Simu_lift;2;2000;0.0117859505;-0.15906698;-0.0001866652
Simu_lift;2;2100;0.011264042;-0.15965876;0.04328795
Simu_lift;2;2200;0.010820201;-0.1620841;0.05098662
Simu_lift;2;2300;0.010863667;-0.15990028;0.016725801
Simu_lift;2;2400;0.011707759;-0.15888414;-0.031226914
Simu_lift;2;2500;0.010873565;-0.1617267;-0.052293874
Simu_lift;2;2600;0.010588181;-0.160879;-0.028915416
Simu_lift;2;2700;0.011726318;-0.15862353;0.018978283
Simu_lift;2;2800;0.01146866;-0.16091892;0.05175203
Simu_lift;2;2900;0.010915384;-0.16171524;0.041581094
Simu_lift;2;3000;0.011153138;-0.15888256;-0.0027286117
Simu_lift;2;3100;0.011014728;-0.15992415;-0.044562686
Simu_lift;2;3200;0.010532779;-0.16207185;-0.048128262
Simu_lift;2;3300;0.011245735;-0.1596365;-0.011170408
Simu_lift;2;3400;0.011126327;-0.15907633;0.03572544
Simu_lift;2;3500;0.0112635195;-0.16188692;0.053203043
Simu_lift;2;3600;0.010404691;-0.16062838;0.026657052
Simu_lift;2;3700;0.011193721;-0.15863027;-0.02183687
Simu_lift;2;3800;0.010759268;-0.16118841;-0.05162542
Simu_lift;2;3900;0.010417616;-0.1615003;-0.03741038
Simu_lift;3;0;0.011537648;-0.15876512;0.008220037
Simu_lift;3;100;0.011658039;-0.16020457;0.047687043
Simu_lift;3;200;0.010652708;-0.1620427;0.047499128
Simu_lift;3;300;0.010870689;-0.1593976;0.0081605995
Simu_lift;3;400;0.011114242;-0.15928301;-0.037905622
Simu_lift;3;500;0.010813348;-0.16200094;-0.051466435
Simu_lift;3;600;0.010883146;-0.16032968;-0.021583868
Simu_lift;3;700;0.011675624;-0.15871517;0.026703065
Simu_lift;3;800;0.011123218;-0.1614249;0.053199306
Simu_lift;3;900;0.010830548;-0.16130865;0.035492714
Simu_lift;3;1000;0.010980167;-0.15866928;-0.011452346
Simu_lift;3;1100;0.011690587;-0.16050562;-0.048638962
Simu_lift;3;1200;0.010681007;-0.16193372;-0.04423453
Simu_lift;3;1300;0.011637041;-0.15917648;-0.002739409
Simu_lift;3;1400;0.011204117;-0.15952381;0.04166316
Simu_lift;3;1500;0.010882686;-0.162083;0.051496763
Simu_lift;3;1600;0.010648092;-0.16007605;0.018744472
Simu_lift;3;1700;0.011344896;-0.1588273;-0.029528275
Simu_lift;3;1800;0.010969766;-0.16164957;-0.052547377
Simu_lift;3;1900;0.010594638;-0.16103464;-0.031003246
Simu_lift;3;2000;0.011707068;-0.15863416;0.0166284
Simu_lift;3;2100;0.011521203;-0.1607835;0.050968207
Simu_lift;3;2200;0.010979732;-0.16182937;0.042873573
Simu_lift;3;2300;0.011374403;-0.1589966;-0.00056877494
Simu_lift;3;2400;0.011038413;-0.1597995;-0.043498144
Simu_lift;3;2500;0.010901477;-0.16210334;-0.04917634
Simu_lift;3;2600;0.010962905;-0.1597874;-0.013532198
Simu_lift;3;2700;0.011309586;-0.15898925;0.03387656
Simu_lift;3;2800;0.011068596;-0.16182987;0.053327713
Simu_lift;3;2900;0.010404691;-0.16080557;0.028520001
Simu_lift;3;3000;0.011121064;-0.15863627;-0.01985993
Simu_lift;3;3100;0.010854246;-0.16107728;-0.051355455
Simu_lift;3;3200;0.0104904175;-0.16163158;-0.039100394
Simu_lift;3;3300;0.011642957;-0.15884243;0.005894882
Simu_lift;3;3400;0.011579739;-0.16007328;0.04656471
Simu_lift;3;3500;0.010720251;-0.16210261;0.048464794
Simu_lift;3;3600;0.010864042;-0.15955651;0.010317721
Simu_lift;3;3700;0.011424119;-0.1591928;-0.036437497
Simu_lift;3;3800;0.010515911;-0.1619769;-0.052028663
Simu_lift;3;3900;0.010850963;-0.1604982;-0.023717422
Simu_lift;4;0;0.0117025;-0.15868777;0.024671396
Simu_lift;4;100;0.011272581;-0.16132717;0.05290281
Simu_lift;4;200;0.010666965;-0.1614624;0.0371004
Simu_lift;4;300;0.011030972;-0.15873976;-0.009334764
Simu_lift;4;400;0.011379382;-0.1603828;-0.047905296
Simu_lift;4;500;0.010698867;-0.16201949;-0.045528382
Simu_lift;4;600;0.011161628;-0.15930538;-0.0050286725
Simu_lift;4;700;0.011204117;-0.15941697;0.040199805
Simu_lift;4;800;0.011169131;-0.16208267;0.05205298
Simu_lift;4;900;0.010647457;-0.16025263;0.020773193
Simu_lift;4;1000;0.011406478;-0.15878718;-0.027748622
Simu_lift;4;1100;0.010891381;-0.16157576;-0.052604113
Simu_lift;4;1200;0.010435544;-0.16119336;-0.032830488
Simu_lift;4;1300;0.011665272;-0.1586701;0.014489676
Simu_lift;4;1400;0.011737659;-0.16066442;0.050270382
Simu_lift;4;1500;0.010742641;-0.16193557;0.04416077
Simu_lift;4;1600;0.010947674;-0.159115;0.00159105
Simu_lift;4;1700;0.0109500075;-0.15968785;-0.042310767
Simu_lift;4;1800;0.010661852;-0.16213003;-0.049983826
Simu_lift;4;1900;0.010761448;-0.15994704;-0.01564529
Simu_lift;4;2000;0.011274361;-0.15892653;0.032172706
Simu_lift;4;2100;0.011109128;-0.1617744;0.05346771
Simu_lift;4;2200;0.010243629;-0.16097037;0.030331569
Simu_lift;4;2300;0.010945946;-0.1586505;-0.01787636
Simu_lift;4;2400;0.011221615;-0.16097084;-0.05090267
Simu_lift;4;2500;0.010500681;-0.16175398;-0.0405215
Simu_lift;4;2600;0.011708093;-0.15893489;0.0037791103
Simu_lift;4;2700;0.011247367;-0.15995821;0.045524996
Simu_lift;4;2800;0.010662073;-0.16215004;0.049376115
Simu_lift;4;2900;0.010886504;-0.15970217;0.012394249
Simu_lift;4;3000;0.0114435125;-0.15911308;-0.034902547
Simu_lift;4;3100;0.010315379;-0.1619459;-0.052325737
Simu_lift;4;3200;0.01084535;-0.16066155;-0.025538363
Simu_lift;4;3300;0.011650794;-0.15868105;0.022840029
Simu_lift;4;3400;0.0113172885;-0.16123474;0.052645855
Simu_lift;4;3500;0.010795447;-0.16159335;0.038607217
Simu_lift;4;3600;0.010973172;-0.15880427;-0.007291818
Simu_lift;4;3700;0.010914974;-0.16026914;-0.047017455
Simu_lift;4;3800;0.01036125;-0.16208929;-0.04650241
Simu_lift;4;3900;0.011173654;-0.15943654;-0.00700557
Simu_lift;5;0;0.011204117;-0.1593299;0.038891282
Simu_lift;5;100;0.010998283;-0.16207282;0.052547596
Simu_lift;5;200;0.010516355;-0.16040528;0.022631837
Simu_lift;5;300;0.011386613;-0.15875457;-0.02602575
Simu_lift;5;400;0.010919891;-0.16150221;-0.052461173
Simu_lift;5;500;0.010424267;-0.16133389;-0.034315262
Simu_lift;5;600;0.011698783;-0.15871787;0.012642685
Simu_lift;5;700;0.011761541;-0.1605592;0.049658224
Simu_lift;5;800;0.010763839;-0.16201946;0.04531228
Simu_lift;5;900;0.0108871395;-0.15922113;0.0035738465
Simu_lift;5;1000;0.010801383;-0.15958947;-0.041110836
Simu_lift;5;1100;0.010698719;-0.16214317;-0.050542217
Simu_lift;5;1200;0.010667761;-0.1600939;-0.017410694
Simu_lift;5;1300;0.011661306;-0.15888269;0.030704001
Simu_lift;5;1400;0.011003569;-0.16171709;0.053595554
Simu_lift;5;1500;0.010467087;-0.16110922;0.031966988
Simu_lift;5;1600;0.010753105;-0.15866795;-0.016020745
Simu_lift;5;1700;0.011411811;-0.16086885;-0.050363667
Simu_lift;5;1800;0.010232265;-0.1618536;-0.04166178
Simu_lift;5;1900;0.0117248045;-0.15902594;0.0019766577
Simu_lift;5;2000;0.0113636805;-0.15985908;0.044620126
Simu_lift;5;2100;0.011027192;-0.16217822;0.050201103
Simu_lift;5;2200;0.010910125;-0.15983269;0.014310326
Simu_lift;5;2300;0.011738844;-0.15904278;-0.03341295
Simu_lift;5;2400;0.010646509;-0.1619032;-0.052481756
Simu_lift;5;2500;0.010574184;-0.16080363;-0.027087286
Simu_lift;5;2600;0.01179644;-0.1586834;0.021243252
Simu_lift;5;2700;0.01140253;-0.16114245;0.052419543
Simu_lift;5;2800;0.01079049;-0.16169927;0.040016793
Simu_lift;5;2900;0.010968;-0.15886824;-0.0053253435
Simu_lift;5;3000;0.01103605;-0.16015488;-0.046090867
Simu_lift;5;3100;0.01046309;-0.16213632;-0.04730196
Simu_lift;5;3200;0.01116893;-0.15955788;-0.008751295
Simu_lift;5;3300;0.011106039;-0.15925255;0.03771754
Simu_lift;5;3400;0.011096124;-0.16204458;0.05303938
Simu_lift;5;3500;0.0104893735;-0.16054228;0.024464268
Simu_lift;5;3600;0.011279416;-0.1587241;-0.024262145
Simu_lift;5;3700;0.0108662825;-0.16141084;-0.052212864
Simu_lift;5;3800;0.01053807;-0.16145307;-0.035645254
Simu_lift;5;3900;0.011677851;-0.15876627;0.01091871
Simu_lift;6;0;0.011665354;-0.16044845;0.049058896
Simu_lift;6;100;0.010689924;-0.16207924;0.04645261
Simu_lift;6;200;0.0108837;-0.15932463;0.0055981777
Simu_lift;6;300;0.010916388;-0.15948373;-0.03981221
Simu_lift;6;400;0.010786861;-0.16213174;-0.05099685
Simu_lift;6;500;0.010750508;-0.16023067;-0.019108502
Simu_lift;6;600;0.011706156;-0.15883923;0.029228397
Simu_lift;6;700;0.011022844;-0.16164026;0.05366924
Simu_lift;6;800;0.010684911;-0.16123451;0.033606514
Simu_lift;6;900;0.01076199;-0.15868792;-0.014078663
Simu_lift;6;1000;0.011693236;-0.16074929;-0.049725305
Simu_lift;6;1100;0.010479975;-0.16193415;-0.04275417
Simu_lift;6;1200;0.0117859505;-0.15911528;0.00013984338
Simu_lift;6;1300;0.011264042;-0.15975152;0.04361444
Simu_lift;6;1400;0.010825377;-0.1621855;0.050954275
Simu_lift;6;1500;0.010985674;-0.15996294;0.01625242
Simu_lift;6;1600;0.011700227;-0.15897083;-0.031827237
Simu_lift;6;1700;0.01073241;-0.16183946;-0.0525743
Simu_lift;6;1800;0.010563222;-0.16093615;-0.028663063
Simu_lift;6;1900;0.011723564;-0.15868454;0.019525982
Simu_lift;6;2000;0.011515952;-0.16103375;0.052045107
Simu_lift;6;2100;0.010913042;-0.16179307;0.041356575
Simu_lift;6;2200;0.011156643;-0.15893866;-0.0033264996
Simu_lift;6;2300;0.011009852;-0.16003253;-0.045089856
Simu_lift;6;2400;0.010569256;-0.16216588;-0.048091654
Simu_lift;6;2500;0.01123941;-0.15967609;-0.010595075
Simu_lift;6;2600;0.011126327;-0.15916936;0.036365386
Simu_lift;6;2700;0.011274319;-0.16199942;0.05336036
Simu_lift;6;2800;0.010343648;-0.16067775;0.02621831
Simu_lift;6;2900;0.011193721;-0.15870084;-0.022480717
Simu_lift;6;3000;0.010750995;-0.16130832;-0.05192754
Simu_lift;6;3100;0.010426175;-0.1615607;-0.03700765
Simu_lift;6;3200;0.011540527;-0.15881334;0.009061725
Simu_lift;6;3300;0.011601325;-0.16032887;0.04826565
Simu_lift;6;3400;0.010811752;-0.16212651;0.04742073
Simu_lift;6;3500;0.010873293;-0.1594337;0.0075421105
Simu_lift;6;3600;0.011114242;-0.15938254;-0.03850236
Simu_lift;6;3700;0.010813348;-0.16210742;-0.05143024
Simu_lift;6;3800;0.0108070895;-0.16036053;-0.020842211
Simu_lift;6;3900;0.011675624;-0.1587962;0.027630242
Simu_lift;7;0;0.011119713;-0.16155317;0.053567156
Simu_lift;7;100;0.010830548;-0.16135232;0.03510253
Simu_lift;7;200;0.010953398;-0.15871717;-0.01219503
Simu_lift;7;300;0.011551113;-0.16062844;-0.04906319
Simu_lift;7;400;0.0103630815;-0.16200136;-0.043819197
Simu_lift;7;500;0.011686598;-0.15920314;-0.0017332322
Simu_lift;7;600;0.0112798195;-0.15964386;0.042486094
Simu_lift;7;700;0.010820201;-0.16218121;0.051536936
Simu_lift;7;800;0.01085159;-0.1600931;0.018056877
Simu_lift;7;900;0.011391215;-0.15890989;-0.030291157
Simu_lift;7;1000;0.010965838;-0.16176933;-0.052642453
Simu_lift;7;1100;0.010564681;-0.16106033;-0.030214835
Simu_lift;7;1200;0.011703912;-0.15869029;0.017762134
Simu_lift;7;1300;0.011472472;-0.1609229;0.051541526
Simu_lift;7;1400;0.010915384;-0.16187882;0.04252824
Simu_lift;7;1500;0.011153138;-0.15901788;-0.0014611987
Simu_lift;7;1600;0.011030263;-0.15991999;-0.044122156
Simu_lift;7;1700;0.0104664;-0.16218744;-0.048851438
Simu_lift;7;1800;0.0111826295;-0.15979464;-0.01242052
Simu_lift;7;1900;0.011284979;-0.15909413;0.034956828
Simu_lift;7;2000;0.011099093;-0.16195066;0.05354258
Simu_lift;7;2100;0.010404691;-0.16081242;0.027801342
Simu_lift;7;2200;0.01115385;-0.15869355;-0.020823156
Simu_lift;7;2300;0.010759268;-0.1612116;-0.051657513
Simu_lift;7;2400;0.010563944;-0.16166379;-0.038333703
Simu_lift;7;2500;0.011607642;-0.15886949;0.007213126
Simu_lift;7;2600;0.011372802;-0.16021702;0.047406387
Simu_lift;7;2700;0.010388097;-0.16217151;0.0482374
Simu_lift;7;2800;0.010864042;-0.1595515;0.009308426
Simu_lift;7;2900;0.0112322625;-0.15930066;-0.037297364
Simu_lift;7;3000;0.010672112;-0.16208495;-0.051868983
Simu_lift;7;3100;0.0108581865;-0.16049318;-0.02254773
Simu_lift;7;3200;0.011763528;-0.15876663;0.026012264
Simu_lift;7;3300;0.010681375;-0.16147164;0.053360898
Simu_lift;7;3400;0.010648593;-0.1614725;0.03641325
Simu_lift;7;3500;0.01096212;-0.1587646;-0.010499198
Simu_lift;7;3600;0.011553246;-0.16052583;-0.048479583
Simu_lift;7;3700;0.010261516;-0.16207033;-0.044875804
Simu_lift;7;3800;0.011165806;-0.15930164;-0.0035780394
Simu_lift;7;3900;0.011204117;-0.15955158;0.041333504
Simu_lift;8;0;0.010882686;-0.16218159;0.051997676
Simu_lift;8;100;0.010645929;-0.16023082;0.019678947
Simu_lift;8;200;0.011443295;-0.15887168;-0.02889716
Simu_lift;8;300;0.010969766;-0.16171026;-0.05273813
Simu_lift;8;400;0.010435544;-0.16118631;-0.03172261
Simu_lift;8;500;0.011662922;-0.15871073;0.016034182
Simu_lift;8;600;0.011529712;-0.16082351;0.051003914
Simu_lift;8;700;0.010776448;-0.16196309;0.043580458
Simu_lift;8;800;0.011200202;-0.15910618;0.00026655494
Simu_lift;8;900;0.010999013;-0.1598239;-0.04321022
Simu_lift;8;1000;0.010541054;-0.16220543;-0.049577665
Simu_lift;8;1100;0.01095826;-0.15991338;-0.014189389
Simu_lift;8;1200;0.011309586;-0.15903;0.033557776
Simu_lift;8;1300;0.011119966;-0.1618971;0.05366634
Simu_lift;8;1400;0.010404691;-0.16093671;0.029295923
Simu_lift;8;1500;0.010913204;-0.15869221;-0.01920904
Simu_lift;8;1600;0.010854246;-0.16111073;-0.051347688
Simu_lift;8;1700;0.0104904175;-0.16174905;-0.03959832
Simu_lift;8;1800;0.011642957;-0.15892458;0.0053829057
Simu_lift;8;1900;0.01119615;-0.16010012;0.046504956
Simu_lift;8;2000;0.010720251;-0.1621913;0.04900417
Simu_lift;8;2100;0.010858841;-0.15965508;0.011079238
Simu_lift;8;2200;0.011424119;-0.15921089;-0.036007535
Simu_lift;8;2300;0.010300525;-0.16203228;-0.052205294
Simu_lift;8;2400;0.0108683705;-0.16060342;-0.024227658
Simu_lift;8;2500;0.0117025;-0.1587289;0.024331639
Simu_lift;8;2600;0.011312069;-0.16135791;0.05308334
Simu_lift;8;2700;0.010666965;-0.16155544;0.037751023
Simu_lift;8;2800;0.011030972;-0.15879354;-0.008649522
Simu_lift;8;2900;0.011196965;-0.16038749;-0.04770447
Simu_lift;8;3000;0.010369897;-0.16209154;-0.045849565
Simu_lift;8;3100;0.011176063;-0.15937904;-0.0055095176
Simu_lift;8;3200;0.011204117;-0.15942861;0.04002028
Simu_lift;8;3300;0.010994992;-0.16212405;0.052419975
Simu_lift;8;3400;0.010304289;-0.16033167;0.021470007
Simu_lift;8;3500;0.011386613;-0.1587994;-0.027199656
Simu_lift;8;3600;0.010888111;-0.16158527;-0.05261668
Simu_lift;8;3700;0.010435544;-0.16126652;-0.033270583
Simu_lift;8;3800;0.011653208;-0.1587054;0.014062146
Simu_lift;8;3900;0.011613221;-0.16066101;0.050251506
Simu_lift;9;0;0.01073875;-0.16198708;0.04468258
Simu_lift;9;100;0.010941691;-0.15916519;0.0023142619
Simu_lift;9;200;0.010782037;-0.159669;-0.04192914
Simu_lift;9;300;0.010614165;-0.16215433;-0.05017413
Simu_lift;9;400;0.010781295;-0.16000748;-0.01614633
Simu_lift;9;500;0.011274361;-0.1589269;0.031850796
Simu_lift;9;600;0.011144725;-0.16177095;0.05368594
Simu_lift;9;700;0.010231345;-0.16102427;0.031045837
Simu_lift;9;800;0.010945946;-0.15865786;-0.01711463
Simu_lift;9;900;0.011196485;-0.16093676;-0.050664958
Simu_lift;9;1000;0.010493341;-0.16179352;-0.040842257
Simu_lift;9;1100;0.011708093;-0.1589695;0.0032919487
Simu_lift;9;1200;0.011257426;-0.1599304;0.045371164
Simu_lift;9;1300;0.01060098;-0.16215713;0.049864423
Simu_lift;9;1400;0.010912325;-0.15974224;0.013294603
Simu_lift;9;1500;0.011713946;-0.15907452;-0.034178328
Simu_lift;9;1600;0.010244232;-0.16191947;-0.05225908
Simu_lift;9;1700;0.010836476;-0.16070813;-0.025983974
Simu_lift;9;1800;0.011661781;-0.15867977;0.022408303
Simu_lift;9;1900;0.011509225;-0.16119233;0.05273738
Simu_lift;9;2000;0.01079049;-0.1616153;0.03938725
Simu_lift;9;2100;0.010973172;-0.15880997;-0.0062441994
Simu_lift;9;2200;0.01103605;-0.16019695;-0.04642564
Simu_lift;9;2300;0.010364353;-0.16208777;-0.046646792
Simu_lift;9;2400;0.011173654;-0.15947288;-0.007546392
Simu_lift;9;2500;0.011200012;-0.15928864;0.038579963
Simu_lift;9;2600;0.011096658;-0.16203493;0.052963946
Simu_lift;9;2700;0.010511289;-0.1604327;0.023706697
Simu_lift;9;2800;0.011502891;-0.15870826;-0.0249276
Simu_lift;9;2900;0.010879886;-0.16142337;-0.052084096
Simu_lift;9;3000;0.010546293;-0.16135892;-0.034694232
Simu_lift;9;3100;0.011698783;-0.15872255;0.012048048
Simu_lift;9;3200;0.011766371;-0.160485;0.049550574
Simu_lift;9;3300;0.010880293;-0.16200386;0.04608993
Simu_lift;9;3400;0.010889655;-0.15922911;0.0048848363
Simu_lift;9;3500;0.010919212;-0.1594916;-0.040113796
Simu_lift;9;3600;0.010681688;-0.16209096;-0.050457247
Simu_lift;9;3700;0.010750508;-0.16013013;-0.018012853
Simu_lift;9;3800;0.011664132;-0.15883937;0.03015272
Simu_lift;9;3900;0.011025004;-0.161636;0.05382765
Simu_lift;10;0;0.010502494;-0.16111784;0.03312335
Simu_lift;10;100;0.010786395;-0.15862732;-0.014585248
Simu_lift;10;200;0.011525493;-0.16074581;-0.04961824
Simu_lift;10;300;0.010325194;-0.1618443;-0.041929644
Simu_lift;10;400;0.011720877;-0.15904163;0.0011935296
Simu_lift;10;500;0.01140695;-0.15976532;0.044213
Simu_lift;10;600;0.010828773;-0.16212021;0.05081483
Simu_lift;10;700;0.010906836;-0.1598451;0.015739556
Simu_lift;10;800;0.011710585;-0.15894245;-0.032088447
Simu_lift;10;900;0.0108287595;-0.16179776;-0.05216774
Simu_lift;10;1000;0.010571227;-0.16082814;-0.02776365
Simu_lift;10;1100;0.011729144;-0.15864865;0.02035408
Simu_lift;10;1200;0.011509586;-0.16102241;0.052295346
Simu_lift;10;1300;0.010913042;-0.1616825;0.041044734
Simu_lift;10;1400;0.0110410135;-0.15884902;-0.0037326715
Simu_lift;10;1500;0.011038875;-0.1600084;-0.045057688
Simu_lift;10;1600;0.010580855;-0.16208038;-0.0474928
Simu_lift;10;1700;0.01123941;-0.15958314;-0.009775536
Simu_lift;10;1800;0.011066124;-0.1591528;0.036892105
Simu_lift;10;1900;0.011274319;-0.16193917;0.05333651
Simu_lift;10;2000;0.010352997;-0.16055486;0.02588086
Simu_lift;10;2100;0.011436481;-0.15864152;-0.02267711
Simu_lift;10;2200;0.010896815;-0.16125764;-0.051637493
Simu_lift;10;2300;0.010426175;-0.16145216;-0.0363588
Simu_lift;10;2400;0.011565008;-0.15875025;0.009672952
Simu_lift;10;2500;0.011584783;-0.16029829;0.048498716
Simu_lift;10;2600;0.010811752;-0.1620229;0.047257748
Simu_lift;10;2700;0.01088309;-0.15932745;0.00730971
Simu_lift;10;2800;0.011114242;-0.15933204;-0.038444042
Simu_lift;10;2900;0.010813348;-0.16201922;-0.050999027
Simu_lift;10;3000;0.0108070895;-0.16025922;-0.02029435
Simu_lift;10;3100;0.011708981;-0.15875088;0.027969316
Simu_lift;10;3200;0.0110429665;-0.16148439;0.05358019
Simu_lift;10;3300;0.010830548;-0.16123182;0.034952104
Simu_lift;10;3400;0.010979786;-0.15863447;-0.012227907
Simu_lift;10;3500;0.0115621;-0.16055849;-0.04878303
Simu_lift;10;3600;0.010709475;-0.16189131;-0.043386273
Simu_lift;10;3700;0.011778398;-0.15912525;-0.0013986385
Simu_lift;10;3800;0.0112798195;-0.15958801;0.0425889
Simu_lift;10;3900;0.010820201;-0.16207527;0.051479008
Simu_lift;11;0;0.01085159;-0.15998104;0.018065922
Simu_lift;11;100;0.011613482;-0.15883279;-0.030071668
Simu_lift;11;200;0.010969766;-0.1616657;-0.052260906
Simu_lift;11;300;0.010892967;-0.16095455;-0.029922402
Simu_lift;11;400;0.011706667;-0.15862471;0.017822944
Simu_lift;11;500;0.011505209;-0.16083178;0.05148255
Simu_lift;11;600;0.010915384;-0.16175713;0.04254068
Simu_lift;11;700;0.011153138;-0.15892251;-0.0012375856
Simu_lift;11;800;0.011030263;-0.1598228;-0.04372305
Simu_lift;11;900;0.010611197;-0.16206405;-0.048554555
Simu_lift;11;1000;0.010978133;-0.15970999;-0.012409686
Simu_lift;11;1100;0.011284979;-0.15901285;0.03476886
Simu_lift;11;1200;0.011272147;-0.16182588;0.05345515
Simu_lift;11;1300;0.010404691;-0.16070095;0.028014349
Simu_lift;11;1400;0.01115385;-0.15859988;-0.0203714
Simu_lift;11;1500;0.01083556;-0.16108163;-0.051225208
Simu_lift;11;1600;0.010563944;-0.16154987;-0.038281225
Simu_lift;11;1700;0.011642957;-0.15879615;0.0068915104
Simu_lift;11;1800;0.01182565;-0.16009665;0.047099803
Simu_lift;11;1900;0.010395225;-0.16203871;0.048299313
Simu_lift;11;2000;0.010864042;-0.15945747;0.009796176
Simu_lift;11;2100;0.01144765;-0.15918185;-0.03668264
Simu_lift;11;2200;0.0108412;-0.16193675;-0.05160598
Simu_lift;11;2300;0.010883146;-0.1604076;-0.02286002
Simu_lift;11;2400;0.0117025;-0.15867288;0.025416829
Simu_lift;11;2500;0.011272581;-0.16131523;0.053102795
Simu_lift;11;2600;0.01067115;-0.16135949;0.036771767
Simu_lift;11;2700;0.011047019;-0.15866998;-0.009742597
Simu_lift;11;2800;0.011572736;-0.16036671;-0.04785976
Simu_lift;11;2900;0.010701483;-0.16193758;-0.044962447
Simu_lift;11;3000;0.011161628;-0.15923376;-0.0043034037
Simu_lift;11;3100;0.011204117;-0.15940778;0.040630713
Simu_lift;11;3200;0.010883336;-0.16202052;0.051983975
Simu_lift;11;3300;0.010659533;-0.1601451;0.020415163
Simu_lift;11;3400;0.0114492895;-0.15874436;-0.02795853
Simu_lift;11;3500;0.010885675;-0.16152611;-0.052354712
Simu_lift;11;3600;0.010435544;-0.1610958;-0.032290917
Simu_lift;11;3700;0.011645236;-0.1586227;0.014959214
Simu_lift;11;3800;0.011737659;-0.16063023;0.05040633
Simu_lift;11;3900;0.010742641;-0.16183744;0.04396092
Simu_lift;12;0;0.011298063;-0.15902877;0.0013356243
Simu_lift;12;100;0.011002686;-0.15964556;-0.042293012
Simu_lift;12;200;0.010664467;-0.16204332;-0.049668245
Simu_lift;12;300;0.010761448;-0.1598611;-0.015281284
Simu_lift;12;400;0.011248972;-0.15888366;0.03233925
Simu_lift;12;500;0.011109128;-0.16170037;0.0533819
Simu_lift;12;600;0.010245559;-0.16086733;0.03013278
Simu_lift;12;700;0.010945946;-0.1585874;-0.017967712
Simu_lift;12;800;0.011019891;-0.16090296;-0.050756905
Simu_lift;12;900;0.010500681;-0.16165331;-0.040319316
Simu_lift;12;1000;0.011708093;-0.15886764;0.0038498787
Simu_lift;12;1100;0.011247367;-0.15989347;0.04542688
Simu_lift;12;1200;0.010662073;-0.16205092;0.0492097
Simu_lift;12;1300;0.010889523;-0.15961954;0.012313693
Simu_lift;12;1400;0.011476249;-0.15905076;-0.034829218
Simu_lift;12;1500;0.010315379;-0.1618489;-0.052212387
Simu_lift;12;1600;0.01084535;-0.16057317;-0.025586171
Simu_lift;12;1700;0.011706686;-0.15861517;0.022600293
Simu_lift;12;1800;0.0113172885;-0.16113754;0.052396484
Simu_lift;12;1900;0.010795447;-0.16149895;0.038514685
Simu_lift;12;2000;0.010973172;-0.1587412;-0.007198113
Simu_lift;12;2100;0.010914974;-0.16018231;-0.046872117
Simu_lift;12;2200;0.010366968;-0.16198434;-0.04658824
Simu_lift;12;2300;0.011173654;-0.1593664;-0.0073909136
Simu_lift;12;2400;0.011202435;-0.15923879;0.03841798
Simu_lift;12;2500;0.010998283;-0.16195917;0.05230695
Simu_lift;12;2600;0.010516355;-0.16033705;0.022731088
Simu_lift;12;2700;0.011386613;-0.15868652;-0.02578265
Simu_lift;12;2800;0.010923384;-0.16138665;-0.05242355
Simu_lift;12;2900;0.010546293;-0.1612469;-0.034747817
Simu_lift;12;3000;0.011685049;-0.15864554;0.011894156
Simu_lift;12;3100;0.011761541;-0.1604306;0.04908007
Simu_lift;12;3200;0.0109291;-0.16192281;0.045223925
Simu_lift;12;3300;0.010917029;-0.15917438;0.0038788472
Simu_lift;12;3400;0.01082876;-0.15949033;-0.04084472
Simu_lift;12;3500;0.010706942;-0.16202414;-0.050808433
Simu_lift;12;3600;0.010750508;-0.1600322;-0.018270934
Simu_lift;12;3700;0.011661306;-0.1587771;0.02969968
Simu_lift;12;3800;0.011025004;-0.16157366;0.053095665
Simu_lift;12;3900;0.010496478;-0.16105376;0.032139506
Simu_lift;13;0;0.010987587;-0.15861408;-0.015569705
Simu_lift;13;100;0.0115226675;-0.16073604;-0.050262716
Simu_lift;13;200;0.010325194;-0.16176352;-0.042370353
Simu_lift;13;300;0.011829809;-0.15896732;0.0007166031
Simu_lift;13;400;0.011401407;-0.1597067;0.04359107
Simu_lift;13;500;0.010846208;-0.16206153;0.050000962
Simu_lift;13;600;0.01101152;-0.15980774;0.014824695
Simu_lift;13;700;0.011738844;-0.15894584;-0.032879405
Simu_lift;13;800;0.0108287595;-0.1617612;-0.05269767
Simu_lift;13;900;0.010571227;-0.16075313;-0.028244626
Simu_lift;13;1000;0.011726318;-0.15858938;0.019762473
Simu_lift;13;1100;0.011513912;-0.16096434;0.0516193
Simu_lift;13;1200;0.01110207;-0.16163756;0.040256444
Simu_lift;13;1300;0.010986195;-0.15883638;-0.004530299
Simu_lift;13;1400;0.011028606;-0.16000646;-0.04567133
Simu_lift;13;1500;0.010569256;-0.16202691;-0.04799757
Simu_lift;13;1600;0.011245735;-0.15952444;-0.010340687
Simu_lift;13;1700;0.011065721;-0.15909672;0.036241025
Simu_lift;13;1800;0.011274319;-0.16188873;0.05265701
Simu_lift;13;1900;0.01041404;-0.16052985;0.02516948
Simu_lift;13;2000;0.0114365;-0.15864341;-0.023343863
Simu_lift;13;2100;0.010896815;-0.16123846;-0.052157898
Simu_lift;13;2200;0.010426175;-0.16139951;-0.036908902
Simu_lift;13;2300;0.011565008;-0.15870242;0.009019626
Simu_lift;13;2400;0.011601325;-0.1602422;0.047849305
Simu_lift;13;2500;0.010811752;-0.16198899;0.04662343
Simu_lift;13;2600;0.01088309;-0.15932088;0.0066900584
Simu_lift;13;2700;0.011114242;-0.15933393;-0.038989615
Simu_lift;13;2800;0.010813348;-0.16198607;-0.051508665
Simu_lift;13;2900;0.0108070895;-0.16021803;-0.020912282
Simu_lift;13;3000;0.011706156;-0.15870327;0.027277904
Simu_lift;13;3100;0.011119713;-0.16143624;0.052968614
Simu_lift;13;3200;0.010830548;-0.161218;0.034387525
Simu_lift;13;3300;0.010767251;-0.15863901;-0.0127627505
Simu_lift;13;3400;0.011577878;-0.1605503;-0.049256686
Simu_lift;13;3500;0.010692053;-0.16185711;-0.043941863
Simu_lift;13;3600;0.011778398;-0.15909281;-0.0020822508
Simu_lift;13;3700;0.0112798195;-0.15953709;0.04192788
Simu_lift;13;3800;0.010820201;-0.16204585;0.05093969
Simu_lift;13;3900;0.01085159;-0.1599835;0.01758292
Simu_lift;14;0;0.011700227;-0.15883884;-0.030531187
Simu_lift;14;100;0.010969766;-0.16164766;-0.052732136
Simu_lift;14;200;0.0109182205;-0.16092937;-0.030544449
Simu_lift;14;300;0.011706667;-0.15859118;0.017118404
Simu_lift;14;400;0.011518216;-0.16078573;0.05090203
Simu_lift;14;500;0.010925181;-0.16175015;0.042080186
Simu_lift;14;600;0.011395917;-0.15893379;-0.0016525547
Simu_lift;14;700;0.011051726;-0.15982287;-0.04413693
Simu_lift;14;800;0.010611197;-0.16204403;-0.049075425
Simu_lift;14;900;0.010962905;-0.15969214;-0.0130849555
Simu_lift;14;1000;0.011284979;-0.15897217;0.034101162
Simu_lift;14;1100;0.011272147;-0.16179591;0.05296756
Simu_lift;14;1200;0.010404691;-0.16071141;0.02763562
Simu_lift;14;1300;0.011156693;-0.15861164;-0.020737585
Simu_lift;14;1400;0.01083556;-0.16107295;-0.051645935
Simu_lift;14;1500;0.010575372;-0.16153574;-0.038879536
Simu_lift;14;1600;0.011642957;-0.15877661;0.006187693
Simu_lift;14;1700;0.0117448475;-0.16005334;0.04651752
Simu_lift;14;1800;0.010395225;-0.16203134;0.047910113
Simu_lift;14;1900;0.010864042;-0.1594769;0.009490436
Simu_lift;14;2000;0.011450495;-0.15918694;-0.037020627
Simu_lift;14;2100;0.010859583;-0.16192478;-0.052079257
Simu_lift;14;2200;0.010850963;-0.16040103;-0.023520945
Simu_lift;14;2300;0.0117025;-0.158644;0.024735317
Simu_lift;14;2400;0.011272581;-0.16128163;0.05262906
Simu_lift;14;2500;0.01067115;-0.16137347;0.03647358
Simu_lift;14;2600;0.011047019;-0.15868916;-0.01000228
Simu_lift;14;2700;0.011572736;-0.160363;-0.048208993
Simu_lift;14;2800;0.010701483;-0.16193105;-0.04551427
Simu_lift;14;2900;0.011161628;-0.15922782;-0.0049989154
Simu_lift;14;3000;0.011204117;-0.15937042;0.040028837
Simu_lift;14;3100;0.011184697;-0.16200823;0.051631425
Simu_lift;14;3200;0.010852887;-0.16017216;0.020202924
Simu_lift;14;3300;0.011426147;-0.15875563;-0.028200256
Simu_lift;14;3400;0.010898167;-0.16151866;-0.052761056
Simu_lift;14;3500;0.010435544;-0.16109835;-0.03292159
Simu_lift;14;3600;0.011665272;-0.15860794;0.014271672
Simu_lift;14;3700;0.01174774;-0.16059501;0.049922444
Simu_lift;14;3800;0.010742641;-0.16185008;0.043720312
Simu_lift;14;3900;0.0110634;-0.1590575;0.001180138
Simu_lift;15;0;0.011002686;-0.15964636;-0.042553306
Simu_lift;15;100;0.010664467;-0.16204126;-0.050155964
Simu_lift;15;200;0.01076899;-0.15986788;-0.015954789
Simu_lift;15;300;0.011274361;-0.15885693;0.031724624
Simu_lift;15;400;0.011135376;-0.16168118;0.053052843
Simu_lift;15;500;0.010245559;-0.16089632;0.030018369
Simu_lift;15;600;0.010948789;-0.15860455;-0.018071085
Simu_lift;15;700;0.011221615;-0.16089498;-0.05104737
Simu_lift;15;800;0.010493341;-0.16165832;-0.040880192
Simu_lift;15;900;0.011708093;-0.15886538;0.003172853
Simu_lift;15;1000;0.011257426;-0.15985735;0.04493036
Simu_lift;15;1100;0.010593641;-0.16204949;0.049037825
Simu_lift;15;1200;0.010886504;-0.15964687;0.012317154
Simu_lift;15;1300;0.01143598;-0.15904753;-0.034899134
Simu_lift;15;1400;0.010315379;-0.1618351;-0.052554607
Simu_lift;15;1500;0.01084535;-0.16057889;-0.026209766
Simu_lift;15;1600;0.011661781;-0.1585932;0.021954097
Simu_lift;15;1700;0.0115119675;-0.16109851;0.05204481
Simu_lift;15;1800;0.010795447;-0.16150926;0.038497724
Simu_lift;15;1900;0.010973172;-0.15875278;-0.007091305
Simu_lift;15;2000;0.011031376;-0.16015682;-0.04694416
Simu_lift;15;2100;0.010366968;-0.16197081;-0.04701551
Simu_lift;15;2200;0.011173654;-0.15936433;-0.008067241
Simu_lift;15;2300;0.011202435;-0.15919384;0.037845355
Simu_lift;15;2400;0.011096658;-0.16192633;0.052133165
Simu_lift;15;2500;0.010516355;-0.1603503;0.022884928
Simu_lift;15;2600;0.011500065;-0.15867196;-0.025597693
Simu_lift;15;2700;0.01090978;-0.1613454;-0.052549772
Simu_lift;15;2800;0.010546293;-0.16123809;-0.03529195
Simu_lift;15;2900;0.011685049;-0.15862447;0.011188326
Simu_lift;15;3000;0.011766371;-0.1603676;0.04863601
Simu_lift;15;3100;0.010950201;-0.1619026;0.045256734
Simu_lift;15;3200;0.010917029;-0.15917745;0.004203252
Simu_lift;15;3300;0.010916388;-0.15944432;-0.04063552
Simu_lift;15;3400;0.010706942;-0.16198044;-0.051048238
Simu_lift;15;3500;0.010750508;-0.16002439;-0.018935638
Simu_lift;15;3600;0.011684915;-0.15872702;0.029015562
Simu_lift;15;3700;0.011040044;-0.16150533;0.052849993
Simu_lift;15;3800;0.010684911;-0.16104542;0.03240675
Simu_lift;15;3900;0.011010517;-0.1585914;-0.015105368
Simu_lift;16;0;0.0115226675;-0.16066362;-0.05011369
Simu_lift;16;100;0.010408716;-0.16172947;-0.04278875
Simu_lift;16;200;0.011825005;-0.15894663;-6.09133e-05
Simu_lift;16;300;0.011371486;-0.15962476;0.04298535
Simu_lift;16;400;0.010834124;-0.16200383;0.049987968
Simu_lift;16;500;0.010886223;-0.1598024;0.015305466
Simu_lift;16;600;0.011700227;-0.1588873;-0.032383576
Simu_lift;16;700;0.0108287595;-0.16168234;-0.052717574
Simu_lift;16;800;0.010563222;-0.16073424;-0.028881114
Simu_lift;16;900;0.011726318;-0.15854119;0.018928532
Simu_lift;16;1000;0.011528451;-0.16086599;0.05119748
Simu_lift;16;1100;0.010913042;-0.16160607;0.040516824
Simu_lift;16;1200;0.011283792;-0.15881774;-0.0038792859
Simu_lift;16;1300;0.011014728;-0.15991612;-0.045259062
Simu_lift;16;1400;0.010571871;-0.16196807;-0.048265792
Simu_lift;16;1500;0.011245735;-0.15951023;-0.011161414
Simu_lift;16;1600;0.011128751;-0.15901399;0.035463184
Simu_lift;16;1700;0.011274319;-0.16180247;0.052515488
Simu_lift;16;1800;0.01041404;-0.16052158;0.025705568
Simu_lift;16;1900;0.0114365;-0.15859269;-0.022624776
Simu_lift;16;2000;0.010905088;-0.16113842;-0.051945426
Simu_lift;16;2100;0.010417616;-0.16137166;-0.037451405
Simu_lift;16;2200;0.01154801;-0.15867046;0.008098625
Simu_lift;16;2300;0.011601325;-0.16013502;0.047255088
Simu_lift;16;2400;0.010659836;-0.1619364;0.04680947
Simu_lift;16;2500;0.01088309;-0.15931354;0.0074491575
Simu_lift;16;2600;0.011117085;-0.15924557;-0.038335424
Simu_lift;16;2700;0.010813348;-0.16190524;-0.051577944
Simu_lift;16;2800;0.010883146;-0.16020979;-0.021693574
Simu_lift;16;2900;0.011675624;-0.15863623;0.026376296
Simu_lift;16;3000;0.011123218;-0.16133085;0.052666776
Simu_lift;16;3100;0.010853103;-0.16120099;0.034899794
Simu_lift;16;3200;0.010960931;-0.15860595;-0.011884561
Simu_lift;16;3300;0.011748605;-0.1604403;-0.04879781
Simu_lift;16;3400;0.010681007;-0.1618136;-0.044323318
Simu_lift;16;3500;0.011763805;-0.15907863;-0.0030179904
Simu_lift;16;3600;0.011214677;-0.15943578;0.04117997
Simu_lift;16;3700;0.010898903;-0.16197002;0.050992176
Simu_lift;16;3800;0.010654859;-0.15998276;0.018371267
Simu_lift;16;3900;0.011613482;-0.15876463;-0.029671257
Simu_lift;17;0;0.010969766;-0.1615467;-0.052563854
Simu_lift;17;100;0.01091443;-0.16091888;-0.031209653
Simu_lift;17;200;0.011707068;-0.15854691;0.016150625
Simu_lift;17;300;0.011521203;-0.16067156;0.050428133
Simu_lift;17;400;0.01100391;-0.16171667;0.042495627
Simu_lift;17;500;0.011374403;-0.1589201;-0.00069279893
Simu_lift;17;600;0.011048706;-0.15971541;-0.04344834
Simu_lift;17;700;0.010904093;-0.16197985;-0.04925021
Simu_lift;17;800;0.010962905;-0.15969132;-0.013965776
Simu_lift;17;900;0.011309586;-0.15888894;0.033230837
Simu_lift;17;1000;0.011353683;-0.1617011;0.05284022
Simu_lift;17;1100;0.010404691;-0.16071099;0.028355502
Simu_lift;17;1200;0.011366687;-0.15856206;-0.019757975
Simu_lift;17;1300;0.010854246;-0.16096188;-0.05125667
Simu_lift;17;1400;0.0104904175;-0.16151585;-0.03938526
Simu_lift;17;1500;0.011642957;-0.1587575;0.0052119293
Simu_lift;17;1600;0.011673297;-0.15994558;0.045877717
Simu_lift;17;1700;0.010750151;-0.16198067;0.04815699
Simu_lift;17;1800;0.010864042;-0.15948185;0.01042078
Simu_lift;17;1900;0.011426962;-0.1590986;-0.036178347
Simu_lift;17;2000;0.010518665;-0.16184446;-0.05204472
Simu_lift;17;2100;0.0108683705;-0.16040786;-0.024286099
Simu_lift;17;2200;0.0117025;-0.1585891;0.023807947
Simu_lift;17;2300;0.011312069;-0.16118044;0.05232039
Simu_lift;17;2400;0.010795447;-0.1613674;0.03705559
Simu_lift;17;2500;0.011030972;-0.1586692;-0.008996394
Simu_lift;17;2600;0.011572736;-0.16025743;-0.04763664
Simu_lift;17;2700;0.010705374;-0.1618985;-0.045825068
Simu_lift;17;2800;0.011176063;-0.15923098;-0.0059038308
Simu_lift;17;2900;0.011204117;-0.1592836;0.03928433
Simu_lift;17;3000;0.010994992;-0.1619434;0.05169335
Simu_lift;17;3100;0.01084794;-0.16018774;0.021029277
Simu_lift;17;3200;0.011386613;-0.15869647;-0.027274234
Simu_lift;17;3300;0.010898431;-0.16143015;-0.052525107
Simu_lift;17;3400;0.010501613;-0.16110407;-0.033513267
Simu_lift;17;3500;0.011680839;-0.1585832;0.013367308
Simu_lift;17;3600;0.011923105;-0.16050035;0.049464896
Simu_lift;17;3700;0.010780767;-0.1618323;0.04412565
Simu_lift;17;3800;0.011002733;-0.15906253;0.0021293007
Simu_lift;17;3900;0.010949298;-0.15955885;-0.04184747
Simu_lift;18;0;0.01062299;-0.16199517;-0.050255585
Simu_lift;18;100;0.010787012;-0.1598849;-0.016717201
Simu_lift;18;200;0.011274361;-0.15879896;0.030955948
Simu_lift;18;300;0.011144725;-0.16160944;0.052946597
Simu_lift;18;400;0.0104674185;-0.16091195;0.030693442
Simu_lift;18;500;0.010945946;-0.15857652;-0.017134214
Simu_lift;18;600;0.011196485;-0.16080874;-0.050634336
Simu_lift;18;700;0.010500684;-0.16165704;-0.041249555
Simu_lift;18;800;0.011708093;-0.15886778;0.0023909556
Simu_lift;18;900;0.011305355;-0.15978236;0.044418667
Simu_lift;18;1000;0.010686676;-0.16202016;0.049288865
Simu_lift;18;1100;0.010915345;-0.15966757;0.013169213
Simu_lift;18;1200;0.011764031;-0.15898615;-0.034103826
Simu_lift;18;1300;0.010619307;-0.16178085;-0.052438833
Simu_lift;18;1400;0.010839679;-0.16060302;-0.026754264
Simu_lift;18;1500;0.011661781;-0.15856804;0.021276247
Simu_lift;18;1600;0.011509225;-0.16103263;0.05185343
Simu_lift;18;1700;0.010795447;-0.16151863;0.039039932
Simu_lift;18;1800;0.010968;-0.15875176;-0.00618649
Simu_lift;18;1900;0.01103605;-0.16008322;-0.046388138
Simu_lift;18;2000;0.010465706;-0.16196068;-0.04715684
Simu_lift;18;2100;0.01116893;-0.15938698;-0.008667435
Simu_lift;18;2200;0.011202435;-0.15914653;0.037365414
Simu_lift;18;2300;0.011096124;-0.16189127;0.052269947
Simu_lift;18;2400;0.010511289;-0.16037707;0.023622125
Simu_lift;18;2500;0.011522195;-0.15863885;-0.024768624
Simu_lift;18;2600;0.0108662825;-0.16128948;-0.052257303
Simu_lift;18;2700;0.010557093;-0.16126159;-0.035611127
Simu_lift;18;2800;0.011677851;-0.15862761;0.010650464
Simu_lift;18;2900;0.011722731;-0.16031738;0.048414037
Simu_lift;18;3000;0.010964185;-0.16190402;0.045673557
Simu_lift;18;3100;0.010918199;-0.15919538;0.0050304574
Simu_lift;18;3200;0.010916388;-0.15939023;-0.039987337
Simu_lift;18;3300;0.010786861;-0.16196223;-0.05098788
Simu_lift;18;3400;0.010770612;-0.16005838;-0.019331392
Simu_lift;18;3500;0.011706156;-0.15870865;0.02862815
Simu_lift;18;3600;0.011022844;-0.1614734;0.052913647
Simu_lift;18;3700;0.010684911;-0.16107117;0.033022486
Simu_lift;18;3800;0.011004006;-0.15858397;-0.014299355
Simu_lift;18;3900;0.011693236;-0.16061397;-0.049693253
Simu_lift;19;0;0.010490258;-0.161748;-0.042898394
Simu_lift;19;100;0.0117859505;-0.15897025;-0.0004280317
Simu_lift;19;200;0.011264042;-0.15959677;0.04279273
Simu_lift;19;300;0.010828773;-0.16200116;0.050296042
Simu_lift;19;400;0.010886223;-0.15983093;0.016012773
Simu_lift;19;500;0.011700227;-0.15885691;-0.031719822
Simu_lift;19;600;0.010873565;-0.16166054;-0.05251732
Simu_lift;19;700;0.010887969;-0.16077149;-0.029088445
Simu_lift;19;800;0.011726318;-0.15854743;0.018659076
Simu_lift;19;900;0.011491778;-0.16084518;0.051222213
Simu_lift;19;1000;0.010915384;-0.16162823;0.041001886
Simu_lift;19;1100;0.011277415;-0.15883064;-0.0031720423
Simu_lift;19;1200;0.011014728;-0.15988018;-0.044792254
Simu_lift;19;1300;0.010571871;-0.1619806;-0.048229042
Simu_lift;19;1400;0.011245735;-0.159547;-0.011374825
Simu_lift;19;1500;0.011126327;-0.15900843;0.03533985
Simu_lift;19;1600;0.011274319;-0.16180162;0.052749757
Simu_lift;19;1700;0.01041404;-0.16055426;0.026286516
Simu_lift;19;1800;0.0114365;-0.15858494;-0.022004621
Simu_lift;19;1900;0.010905088;-0.16111925;-0.05166734
Simu_lift;19;2000;0.010432636;-0.16140898;-0.037504934
Simu_lift;19;2100;0.011546015;-0.15869617;0.007959406
Simu_lift;19;2200;0.011779899;-0.16013055;0.047299307
Simu_lift;19;2300;0.010659836;-0.16195782;0.04720136
Simu_lift;19;2400;0.010880486;-0.15934;0.008047633
Simu_lift;19;2500;0.011114242;-0.1592273;-0.037864495
Simu_lift;19;2600;0.010951083;-0.16191567;-0.05143926
Simu_lift;19;2700;0.010883146;-0.16025488;-0.021759797
Simu_lift;19;2800;0.011675624;-0.15865174;0.026357649
Simu_lift;19;2900;0.011123218;-0.16133945;0.05288079
Simu_lift;19;0;0.00012333601;-1.5870069;-0.010097989
Simu_lift;19;100;0.0008136005;-0.11012339;0.00021384475
Simu_lift;19;200;0.0027416886;-0.1281478;0.0006053783
Simu_lift;19;300;0.0049630934;-0.14846842;0.00048409705
Simu_lift;19;400;0.007128927;-0.15554762;0.00042965138
Simu_lift;19;500;0.008866676;-0.15303649;0.0012378071
Simu_lift;19;600;0.011661251;-0.15129764;0.002327985
Simu_lift;19;700;0.013255384;-0.15022951;0.0028816042
Simu_lift;19;800;0.014468879;-0.14941606;0.0023241122
Simu_lift;19;900;0.015738871;-0.14881437;0.0006358437
Simu_lift;19;1000;0.017241577;-0.1483882;-0.0014854964
Simu_lift;19;1100;0.018472098;-0.1480948;-0.0028493972
Simu_lift;19;1200;0.019198947;-0.14788827;-0.0024326541
Simu_lift;19;1300;0.020241208;-0.14773548;-0.0001499675
Simu_lift;19;1400;0.02045573;-0.14763193;0.0028358062
Simu_lift;19;1500;0.02134825;-0.14757606;0.0046451734
Simu_lift;19;1600;0.02199358;-0.14754106;0.0038707836
Simu_lift;19;1700;0.022681197;-0.14750661;0.000675916
Simu_lift;19;1800;0.023636393;-0.14749077;-0.0030285604
Simu_lift;19;1900;0.024067264;-0.14750347;-0.004639174
Simu_lift;19;2000;0.023987563;-0.147516;-0.0026302454
Simu_lift;19;2100;0.023337336;-0.14753035;0.002125416
Simu_lift;19;2200;0.024521966;-0.14759384;0.0065443376
Simu_lift;19;2300;0.024397338;-0.14769104;0.0072060414
Simu_lift;19;2400;0.024270795;-0.14775957;0.002889773
Simu_lift;19;2500;0.025361393;-0.14784339;-0.0040189815
Simu_lift;19;2600;0.024106981;-0.14802012;-0.008566769
Simu_lift;19;2700;0.024364019;-0.14821263;-0.0065707727
Simu_lift;19;2800;0.024481753;-0.14837521;0.0017742336
Simu_lift;19;2900;0.023996148;-0.14867982;0.010916636
Simu_lift;19;3000;0.023480464;-0.14912573;0.013240731
Simu_lift;19;3100;0.021881105;-0.14943227;0.0052392543
Simu_lift;19;3200;0.020394655;-0.14971621;-0.008294081
Simu_lift;19;3300;0.01988452;-0.15031794;-0.016416432
Simu_lift;19;3400;0.020025767;-0.15083535;-0.010715649
Simu_lift;19;3500;0.018061927;-0.15103376;0.0061581
Simu_lift;19;3600;0.01775937;-0.15167105;0.0206555
Simu_lift;19;3700;0.017051706;-0.15245256;0.01911039
Simu_lift;19;3800;0.016039718;-0.15247099;0.00072717294
Simu_lift;19;3900;0.015857242;-0.15283518;-0.019861737
Simu_lift;19;4000;0.015367607;-0.15385637;-0.023948237
Simu_lift;19;4100;0.014650786;-0.15383579;-0.0060671642
Simu_lift;19;4200;0.014767194;-0.15380618;0.019698488
Simu_lift;19;4300;0.01434175;-0.15502515;0.030684669
Simu_lift;19;4400;0.013767193;-0.15517065;0.015728703
Simu_lift;19;4500;0.013267176;-0.15459682;-0.013849218
Simu_lift;19;4600;0.013162493;-0.15581773;-0.032579795
Simu_lift;19;4700;0.0128191;-0.15641432;-0.022816885
Simu_lift;19;4800;0.013346672;-0.1554029;0.008433516
Simu_lift;19;4900;0.013457287;-0.15631816;0.03495807
Simu_lift;19;5000;0.013188606;-0.15754364;0.032936703
Simu_lift;19;5100;0.013045284;-0.15631194;0.0027241826
Simu_lift;19;5200;0.012579498;-0.15654126;-0.030869113
Simu_lift;19;5300;0.012743258;-0.15837528;-0.038251214
Simu_lift;19;5400;0.011919269;-0.15741485;-0.0120863635
Simu_lift;19;5500;0.01241805;-0.15673469;0.026320016
Simu_lift;19;5600;0.012774479;-0.15881702;0.044187043
Simu_lift;19;5700;0.011872387;-0.15859282;0.025354926
Simu_lift;19;5800;0.012005017;-0.15699835;-0.015189668
Simu_lift;19;5900;0.012304871;-0.15880848;-0.043282058
Simu_lift;19;6000;0.011535549;-0.15966022;-0.03409767
Simu_lift;19;6100;0.011883858;-0.15760572;0.004932284
Simu_lift;19;6200;0.012247174;-0.15851884;0.041540056
Simu_lift;19;6300;0.011346126;-0.16040011;0.044161484
Simu_lift;19;6400;0.01124013;-0.15846679;0.0101510165
Simu_lift;19;6500;0.011777009;-0.15811734;-0.032615352
Simu_lift;19;6600;0.010771232;-0.16062643;-0.04745416
Simu_lift;19;6700;0.011186112;-0.15955366;-0.021575527
Simu_lift;19;6800;0.011747482;-0.15798104;0.0235275
Simu_lift;19;6900;0.011797328;-0.1603517;0.050146565
Simu_lift;19;7000;0.011088829;-0.16058545;0.0353566
Simu_lift;19;7100;0.011263674;-0.15816106;-0.008631634
Simu_lift;19;7200;0.011537815;-0.15969363;-0.04527311
Simu_lift;19;7300;0.010810385;-0.16129299;-0.042928226
Simu_lift;19;7400;0.011284351;-0.15884876;-0.0039666104
Simu_lift;19;7500;0.011634312;-0.15899123;0.039497726
Simu_lift;19;7600;0.0111620445;-0.16150811;0.050657865
Simu_lift;19;7700;0.010913833;-0.15979178;0.020118902
Simu_lift;19;7800;0.0115435375;-0.15845369;-0.026966877
Simu_lift;19;7900;0.010868728;-0.16115266;-0.05080759
Simu_lift;19;8000;0.010806296;-0.1608068;-0.031145588
Simu_lift;19;8100;0.011702332;-0.15844135;0.015214367
Simu_lift;19;8200;0.011725088;-0.16040269;0.049929332
Simu_lift;19;8300;0.010785592;-0.16158447;0.043428317
Simu_lift;19;8400;0.011206237;-0.15885697;0.0013632827
Simu_lift;19;8500;0.011008359;-0.15948713;-0.04156933
Simu_lift;19;8600;0.010654841;-0.16186228;-0.048605926
Simu_lift;19;8700;0.011042291;-0.15973468;-0.014358518
Simu_lift;19;8800;0.011322747;-0.15881288;0.032755397
Simu_lift;19;8900;0.011257694;-0.16159207;0.05326583
Simu_lift;19;9000;0.010222906;-0.16073231;0.029897628
Simu_lift;19;9100;0.011173604;-0.15850312;-0.017877875
Simu_lift;19;9200;0.0109072225;-0.16083455;-0.050138857
Simu_lift;19;9300;0.0104751075;-0.16156691;-0.039318107
Simu_lift;19;9400;0.01169344;-0.15882196;0.0048333555
Simu_lift;19;9500;0.011677561;-0.1598941;0.04595662
Simu_lift;19;9600;0.01063942;-0.16199087;0.049197823
Simu_lift;19;9700;0.01086687;-0.15953414;0.012140688
Simu_lift;19;9800;0.011401465;-0.15902552;-0.034690313
Simu_lift;19;9900;0.010292727;-0.16182792;-0.05150428
